resolution,l1_error,l2_error,lI_error,assembly_time,solve_time,total_time
128,1.62E+00,1.98E-02,9.93E-04,0.00077908,0.0655185,0.06629758
256,1.62E+00,9.91E-03,2.71E-04,0.00294888,0.07237367,0.07532255
512,1.62E+00,4.95E-03,7.07E-05,0.01388367,0.75859488,0.77247855
1024,1.62E+00,2.47E-03,1.80E-05,0.04726442,3.73047321,3.77773763
2048,3.09E+05,2.11E+02,6.09E-01,0.19084504,590.229863,590.4207081