resolution,l1_error,l2_error,lI_error,assembly_time,solve_time,total_time
128,1.62E+00,1.98E-02,9.93E-04,0.00077708,0.02018575,0.02096283
256,1.62E+00,9.91E-03,2.71E-04,0.00293437,0.16208233,0.1650167
512,1.62E+00,4.95E-03,7.07E-05,0.01396192,3.57800892,3.59197084
1024,1.62E+00,2.47E-03,1.80E-05,0.04757238,38.95511317,39.00268555
2048,1.06E+01,6.40E-03,1.12E-05,0.1887585,237.988536,238.1772945